Physical Design Stage, Core Area (um^2), Standard Cell Area (um^2), Macro Area (um^2), Total Power (mW), Wirelength(um), WS(ns), TNS(ns), Congestion(H), Congestion(V)
preCTS,96097.520016,18109.27854,19100.928,110560.30632911,889323.082008,-0.911,-15293.4,0.00%,0.00%
postCTS,96097.520016,19059.31134,19100.928,114279.41007038,930079.789009,-0.901,-11990.9,0.00%,0.00%
postRoute,96097.520016,19059.31134,19100.928,113897.57915468,989045.176001,-0.709,-6267.4,,
