Physical Design Stage, Core Area (um^2), Standard Cell Area (um^2), Macro Area (um^2), Total Power (mW), Wirelength(um), WS(ns), TNS(ns), Congestion(H), Congestion(V)
preCTS,96097.520016,18374.35752,19100.928,111020.22909586,928218.156007,-0.904,-15209.5,0.00%,0.00%
postCTS,96097.520016,19220.56614,19100.928,114543.55411370,965220.488008,-0.894,-11667.0,0.00%,0.00%
postRoute,96097.520016,19220.56614,19100.928,114184.75180731,1030993.792,-0.703,-6717.0,,
