Physical Design Stage, Core Area (um^2), Standard Cell Area (um^2), Macro Area (um^2), Total Power (mW), Wirelength(um), WS(ns), TNS(ns), Congestion(H), Congestion(V)
preCTS,6429976.8576,1528768.7104,1820533.536,190.35360197,8661521.77797,-1.168,-5007.8,0.11%,0.02%
postCTS,6429976.8576,1451291.904,1820533.536,201.37648037,8720119.31498,-0.006,-0.006,0.08%,0.02%
postRoute,6429976.8576,1451291.904,1820533.536,205.43231067,9016989.62493,0.000,0.000,,
