Physical Design Stage, Core Area (um^2), Standard Cell Area (um^2), Macro Area (um^2), Total Power (mW), Wirelength(um), WS(ns), TNS(ns), Congestion(H), Congestion(V)
preCTS,16744299.1104,1183218.5504,7130484.9504,866.68773608,8056999.11097,-0.448,-644.631,0.01%,0.01%
postCTS,16744299.1104,1213501.344,7130484.9504,932.46432220,8073266.87797,-0.473,-352.170,0.01%,0.01%
postRoute,16744299.1104,1213501.344,7130484.9504,939.59460138,8261537.56494,0.586,0.000,,
